ds,yhat,yhat_lower,yhat_upper
2023-01-01,444.39913826507745,-325.7994709788295,1134.1647305130757
2023-01-01,444.39913826507745,-261.685426237867,1207.8502566445193
2023-01-01,444.39913826507745,-268.6767763299567,1133.074327032807
2023-01-02,483.91693983111145,-267.7301892918194,1212.2348613557465
2023-01-02,483.91693983111145,-222.7985643853258,1269.0603102916014
2023-01-02,483.91693983111145,-247.27454741126343,1182.80258040205
2023-01-02,483.91693983111145,-287.6409854884036,1189.2193443692486
2023-01-03,435.579473943691,-258.0613645204015,1237.972038035599
2023-01-04,431.5417444648951,-296.76870243517203,1183.4004363716574
2023-01-04,431.5417444648951,-305.10414969598054,1108.9487181748316
2023-01-04,431.5417444648951,-310.91121212995785,1159.31218374037
2023-01-05,451.70901326008993,-276.765308524702,1179.402682436578
2023-01-05,451.70901326008993,-232.1203949528637,1148.7259481771596
2023-01-05,451.70901326008993,-306.7543609602077,1114.6119861048776
2023-01-06,464.7431135122257,-254.4087053137496,1145.823886577953
2023-01-06,464.7431135122257,-255.25923285168298,1253.6259374177228
2023-01-07,525.9496563392532,-224.12760275829717,1261.086218455573
2023-01-07,525.9496563392532,-198.9659186325267,1213.0454599701266
2023-01-08,444.58683147051477,-256.64303014708685,1175.5528052892676
2023-01-08,444.58683147051477,-298.49439715195825,1189.2624219958486
2023-01-09,484.10463303656013,-255.8896637355172,1209.7373909979547
2023-01-10,435.76716714938135,-333.4585121991133,1126.421581953615
2023-01-10,435.76716714938135,-353.8231989638654,1183.074892094816
2023-01-11,431.72943767015835,-302.4520716371375,1165.6927702954501
2023-01-11,431.72943767015835,-292.5053795318731,1153.1944756984183
2023-01-11,431.72943767015835,-253.66737600765677,1175.0710692282366
2023-01-13,464.9308067178445,-211.35681836140438,1188.5473159139567
2023-01-13,464.9308067178445,-282.09177366950456,1173.612516942864
2023-01-13,464.9308067178445,-252.19021635968508,1229.7848389496478
2023-01-13,464.9308067178445,-238.16527865258377,1202.2786870356251
2023-01-14,526.1373495446737,-100.0567785882915,1225.523513832051
2023-01-14,526.1373495446737,-136.2320418362527,1258.2361544417604
2023-01-14,526.1373495446737,-190.48709477247658,1322.966734924421
2023-01-14,526.1373495446737,-174.88479265856964,1218.4554813289926
2023-01-15,444.7745247104204,-289.7856645917553,1180.4692983648758
2023-01-15,444.7745247104204,-317.3418016176666,1188.1105454040712
2023-01-15,444.7745247104204,-295.7724559014291,1210.6936365408903
2023-01-16,484.2923263110219,-198.49013903043678,1201.8612627170883
2023-01-16,484.2923263110219,-241.32274254358057,1277.7474561725683
2023-01-17,435.95486045801624,-302.7299165142427,1144.0795228924317
2023-01-17,435.95486045801624,-321.41258287453286,1126.105828653623
2023-01-17,435.95486045801624,-315.8757994138232,1190.304892002998
2023-01-17,435.95486045801624,-320.0856690692939,1142.203887768279
2023-01-19,452.08439984337747,-235.7586282207705,1252.2233316369857
2023-01-20,465.1185001299406,-340.10009131865473,1206.6347719158878
2023-01-20,465.1185001299406,-254.4643558686261,1230.274316150274
2023-01-21,526.3250429912774,-118.85017155434679,1272.6071098798313
2023-01-21,526.3250429912774,-215.468496058621,1207.2536328882393
2023-01-21,526.3250429912774,-163.35752167512118,1224.4877763315126
2023-01-22,444.96221815694713,-310.04710205000725,1160.2157009337377
2023-01-22,444.96221815694713,-279.12645097618037,1228.97741856366
2023-01-23,484.4800197574098,-222.7408233305379,1256.8551477525684
2023-01-23,484.4800197574098,-257.0841199235777,1237.5806245408833
2023-01-23,484.4800197574098,-197.0388025934124,1260.0098810546062
2023-01-24,436.14255390439865,-296.37701255916056,1085.129868342191
2023-01-24,436.14255390439865,-276.3650162330416,1191.4857591242242
2023-01-24,436.14255390439865,-244.71382742713374,1210.5998780631298
2023-01-25,432.1048244600188,-332.35908891790154,1169.7783834629656
2023-01-26,452.2720932899872,-301.31149415420606,1188.6589863419895
2023-01-26,452.2720932899872,-262.9774232991686,1196.9840514235527
2023-01-26,452.2720932899872,-296.37173545636335,1206.3920092585047
2023-01-26,452.2720932899872,-268.4392011194727,1173.7812269464187
2023-01-27,465.3061935764623,-290.20451292859957,1166.0707292600503
2023-01-27,465.3061935764623,-229.90053291594495,1174.3604203624975
2023-01-27,465.3061935764623,-226.73776497722056,1202.413173677599
2023-01-28,526.5127364839325,-216.83086459185247,1213.88174722474
2023-01-28,526.5127364839325,-190.0807486403076,1302.9146530584728
2023-01-28,526.5127364839325,-156.0115066812388,1237.9604197453582
2023-01-29,445.1499116957096,-285.72354387088944,1195.3638899349544
2023-01-30,484.667713342389,-226.29551581649875,1213.1988511537254
2023-01-30,484.667713342389,-271.21666620163415,1227.070637142172
2023-01-30,484.667713342389,-249.7986171358346,1185.3977672826875
2023-01-30,484.667713342389,-242.23229744792508,1248.9706789458828
2023-01-31,436.3302475354353,-259.01985964393936,1125.2957257487733
2023-01-31,436.3302475354353,-304.2596864846003,1170.4585774903671
2023-01-31,436.3302475354353,-329.8697080619842,1180.2900789685646
2023-02-01,432.29251813714006,-305.51863960920593,1254.2555726656913
2023-02-01,432.29251813714006,-311.2241190225678,1143.520531467414
2023-02-01,432.29251813714006,-269.19021088175765,1223.2562055417686
2023-02-02,452.45978701330375,-268.8350013757898,1182.4993518189815
2023-02-02,452.45978701330375,-310.3157392385314,1173.8824481753863
2023-02-02,452.45978701330375,-262.8639489946216,1202.9483923184212
2023-02-03,465.49388734567606,-217.81432382630535,1192.1628962973843
2023-02-03,465.49388734567606,-292.11268375789103,1195.231796952832
2023-02-04,526.7004302533608,-195.27006579897468,1295.6062589436258
2023-02-04,526.7004302533608,-167.12654321145854,1349.2004349947988
2023-02-05,445.33760546502975,-217.60582059214147,1207.178644721982
2023-02-05,445.33760546502975,-276.0428312909512,1180.6411171688562
2023-02-05,445.33760546502975,-244.30726683208565,1173.369015104594
2023-02-05,445.33760546502975,-298.12047041073185,1179.6918671931999
2023-02-05,445.33760546502975,-250.3818773930042,1188.950297205758
2023-02-05,445.33760546502975,-295.57224290835245,1190.243963994837
2023-02-05,445.33760546502975,-286.7351637559471,1166.688054098292
2023-02-05,445.33760546502975,-248.35475044909103,1154.6549005762463
2023-02-06,484.8554071117204,-218.3676596319435,1190.8070645625298
2023-02-06,484.8554071117204,-264.87788032238535,1281.615869924439
2023-02-06,484.8554071117204,-222.7670187994209,1205.3078799707469
2023-02-06,484.8554071117204,-263.5684038800218,1186.076345097342
2023-02-07,436.51794130548836,-267.7647815718061,1169.973749545122
2023-02-07,436.51794130548836,-314.47516068772137,1105.0351310669732
2023-02-07,436.51794130548836,-339.72840638647386,1178.0525335253071
2023-02-07,436.51794130548836,-287.6001424876738,1129.0107715105871
2023-02-08,432.4802119081954,-306.0327507995444,1125.1748002461254
2023-02-08,432.4802119081954,-267.1330534322972,1112.6353487161823
2023-02-08,432.4802119081954,-263.9067367480599,1120.6779507601275
2023-02-08,432.4802119081954,-342.661267972071,1090.4445656492665
2023-02-09,452.64748078504766,-242.29629880813675,1166.333405568615
2023-02-10,465.681581118257,-272.4214921743017,1162.546952983243
2023-02-10,465.681581118257,-282.8639617326779,1164.081548128282
2023-02-10,465.681581118257,-303.2940417412044,1136.8973821323482
2023-02-11,526.8881240265133,-171.03575066048762,1258.4634968903924
2023-02-11,526.8881240265133,-147.99034404411893,1247.7186964235457
2023-02-11,526.8881240265133,-152.8393182622815,1280.9627398583316
2023-02-11,526.8881240265133,-200.1554391609743,1292.2444013712986
2023-02-11,526.8881240265133,-264.0478400557096,1283.891239097302
2023-02-12,445.52529923909884,-253.7695706288856,1135.4510455957102
2023-02-13,485.0431008864408,-242.71218689703974,1188.3744781050525
2023-02-13,485.0431008864408,-226.80293781426377,1260.3167211681407
2023-02-13,485.0431008864408,-212.2980913072447,1194.2835714007058
2023-02-13,485.0431008864408,-255.5787127093954,1152.0888434593926
2023-02-14,436.7056350806334,-263.75983910133135,1155.3518175460986
2023-02-14,436.7056350806334,-367.4807098323399,1118.9781773664045
2023-02-16,452.83517455967416,-277.29917122705945,1206.8529982720452
2023-02-17,465.8692748930036,-258.21218008842004,1199.2223361623057
2023-02-17,465.8692748930036,-225.85617256554687,1207.5353453333003
2023-02-17,465.8692748930036,-203.83878563621593,1193.8415398666878
2023-02-17,465.8692748930036,-274.7710874449315,1221.7277963287409
2023-02-17,465.8692748930036,-203.20336307273027,1173.126101999978
2023-02-17,465.8692748930036,-218.56596766649653,1193.1170591039522
2023-02-18,527.0758178012056,-186.1068329816468,1273.2014659254191
2023-02-19,445.7129930138079,-261.43472414787107,1140.2977158160118
2023-02-19,445.7129930138079,-246.45829556439418,1181.4093738944607
2023-02-20,485.2307946286651,-211.01384307998416,1176.6808105217888
2023-02-20,485.2307946286651,-238.3886615169117,1155.4991661254435
2023-02-20,485.2307946286651,-219.55034599165685,1150.1352849980572
2023-02-21,436.89332879023715,-303.10126760926914,1135.7036219938318
2023-02-21,436.89332879023715,-249.64145360220712,1243.3913359545743
2023-02-21,436.89332879023715,-264.4184257260379,1175.8085388973313
2023-02-22,432.8555993600946,-263.51694813088767,1130.969665213549
2023-02-22,432.8555993600946,-296.8221662239813,1124.796714490671
2023-02-22,432.8555993600946,-271.39355978378626,1132.640994951444
2023-02-22,432.8555993600946,-241.85516120211986,1152.3760072929672
2023-02-22,432.8555993600946,-272.9114887461816,1186.2295374288656
2023-02-23,453.02286820436257,-304.4995904316246,1202.770817588197
2023-02-24,466.05696850511436,-299.15297877542577,1179.0907196693486
2023-02-24,466.05696850511436,-231.33795564404585,1230.5608377648844
2023-02-24,466.05696850511436,-221.8554416004547,1221.7877765957242
2023-02-24,466.05696850511436,-245.3407072628432,1221.0311923082234
2023-02-25,527.2635113810462,-179.06789010927355,1297.6124811679258
2023-02-25,527.2635113810462,-214.72160860183698,1291.532976312189
2023-02-25,527.2635113810462,-220.19447411937102,1262.022156929337
2023-02-25,527.2635113810462,-228.43135690797197,1268.4287773667256
2023-02-26,445.9006865611069,-306.30552562916847,1114.7972623938126
2023-02-27,485.41848817603164,-164.96784953851318,1187.8692213118911
2023-02-27,485.41848817603164,-258.2362809841951,1214.786037368358
2023-02-27,485.41848817603164,-271.39513895324023,1160.9662074350215
2023-02-27,485.41848817603164,-290.98112476964207,1181.4611386952154
2023-02-28,437.0810223376197,-245.88943950247517,1169.6278569084461
2023-02-28,437.0810223376197,-268.1367541450485,1170.4752654979975
2023-02-28,437.0810223376197,-245.05834355728368,1144.4696348520101
2023-02-28,437.0810223376197,-278.03545163258985,1149.6328394692603
2023-03-01,433.0432929075263,-288.32625542059094,1189.2239313348716
2023-03-01,433.0432929075263,-345.0034269459188,1211.6315110325916
2023-03-01,433.0432929075263,-281.9799781893885,1164.7434384704356
2023-03-02,453.2105617488857,-310.323534420995,1112.0470150739504
2023-03-03,466.24466204712724,-247.19724702950967,1195.234989414301
2023-03-03,466.24466204712724,-246.54668385469085,1204.076675911956
2023-03-03,466.24466204712724,-207.1701417113221,1200.6405251301667
2023-03-03,466.24466204712724,-264.65307465794723,1179.9286155479301
2023-03-03,466.24466204712724,-221.07188667230668,1210.129586724638
2023-03-04,527.4512049203743,-205.60169363873277,1214.637454204361
2023-03-05,446.08838009782113,-315.19083240762404,1192.0422346393946
2023-03-05,446.08838009782113,-283.2313822443067,1157.6072267451352
2023-03-06,485.60618171014715,-259.08366548357844,1183.3301169406009
2023-03-06,485.60618171014715,-237.8035254344571,1172.0067259670286
2023-03-06,485.60618171014715,-276.7578339797749,1198.0820175710132
2023-03-06,485.60618171014715,-249.60194135563663,1256.23125474865
2023-03-07,437.2687158689598,-274.153692981958,1220.680978471832
2023-03-07,437.2687158689598,-283.38136990652913,1135.9604145914968
2023-03-07,437.2687158689598,-324.86616368057526,1147.5430449390271
2023-03-07,437.2687158689598,-270.04082406550026,1144.1229569814714
2023-03-08,433.2309864361229,-312.68537001432117,1150.203030344324
2023-03-09,453.3982552780195,-258.95831274914013,1156.931299690626
2023-03-09,453.3982552780195,-264.7450690228499,1194.777262927939
2023-03-09,453.3982552780195,-296.5385160848836,1177.0972559711342
2023-03-10,466.4323555759875,-324.4902795672613,1121.2885795972097
2023-03-10,466.4323555759875,-270.3813315512146,1152.0466526120622
2023-03-11,527.6388984493012,-273.5725363742732,1222.725778817581
2023-03-12,446.27607362664395,-239.0379892645744,1206.4597992823064
2023-03-12,446.27607362664395,-299.65197897765825,1165.8782975642414
2023-03-13,485.7938752389812,-227.82317272894144,1210.6703569830227
2023-03-13,485.7938752389812,-207.3506405548959,1181.2370222313411
2023-03-13,485.7938752389812,-209.80523441303683,1210.8216390201728
2023-03-15,433.4186799651411,-225.7907701167503,1178.2109378092703
2023-03-17,466.62004910484774,-245.68404715740502,1248.9680907555246
2023-03-17,466.62004910484774,-305.49325300354974,1231.6878015687985
2023-03-17,466.62004910484774,-285.49496393627254,1211.8662418257738
2023-03-18,527.8265919312814,-196.47431949285522,1290.649477393754
2023-03-18,527.8265919312814,-139.8181734526042,1258.578154383136
2023-03-19,446.4637670618779,-290.23090530559796,1186.3688163049999
2023-03-19,446.4637670618779,-302.01111206643395,1148.4438020825717
2023-03-20,485.98156862721913,-223.95178715751064,1202.2706181641618
2023-03-20,485.98156862721913,-228.05235074429194,1208.5634144164599
2023-03-20,485.98156862721913,-267.75851879281254,1180.310592164578
2023-03-20,485.98156862721913,-272.8037341085474,1233.3228796194287
2023-03-20,485.98156862721913,-269.1813544653768,1190.063634248164
2023-03-21,437.64410273944225,-282.506579617181,1186.282233773189
2023-03-21,437.64410273944225,-297.0583042988205,1217.8623060227428
2023-03-21,437.64410273944225,-312.04998787236053,1172.2947534327172
2023-03-21,437.64410273944225,-297.98447021673655,1172.641534742206
2023-03-22,433.606373259872,-310.75703871739694,1152.1858147254688
2023-03-22,433.606373259872,-252.45074443283366,1146.5378892842775
2023-03-22,433.606373259872,-277.63082560724496,1158.3040810321268
2023-03-22,433.606373259872,-293.89569772242487,1129.1451784623289
2023-03-22,433.606373259872,-240.5824201521505,1170.6482055726824
2023-03-23,453.7736420545456,-284.5490828740156,1192.1664837043961
2023-03-23,453.7736420545456,-256.77903728512035,1175.724484896895
2023-03-23,453.7736420545456,-266.13751695643856,1192.316483751398
2023-03-23,453.7736420545456,-278.88343715048654,1207.3885745062528
2023-03-24,466.80774230607204,-217.19796444490603,1243.4949076124813
2023-03-24,466.80774230607204,-283.40633959978993,1196.1351769113296
2023-03-25,528.0142851323699,-239.66105420122665,1244.3378398891098
2023-03-25,528.0142851323699,-194.72176847531958,1227.705462537931
2023-03-25,528.0142851323699,-153.3229533657469,1261.5625941461874
2023-03-25,528.0142851323699,-198.28495392715158,1256.0972164089706
2023-03-26,446.6514602629208,-232.21599427965205,1110.065049951808
2023-03-26,446.6514602629208,-278.5465515189935,1149.0143739226946
2023-03-26,446.6514602629208,-259.6122120491131,1178.6228580823506
2023-03-27,486.1692618066192,-256.4742944872396,1199.7088411618993
2023-03-27,486.1692618066192,-207.4211311392256,1230.132779987588
2023-03-28,437.83179589696806,-281.6615224151031,1220.7046737769988
2023-03-29,433.79406639572977,-259.22643777068976,1139.8375007281056
2023-03-30,453.96133516857486,-303.6108072559646,1217.8035338854504
2023-03-31,466.99543539804085,-245.4856893533558,1181.883976640668
2023-04-01,528.2019782026973,-190.7426908624164,1266.5494272219528
2023-04-01,528.2019782026973,-214.78501052447328,1293.5497578188942
2023-04-01,528.2019782026973,-277.61845453112335,1202.4016957569677
2023-04-02,446.8391533115388,-278.7846743170659,1215.4254222115835
2023-04-02,446.8391533115388,-235.38813040134528,1170.3819976237355
2023-04-02,446.8391533115388,-293.83793861231584,1164.8906627230747
2023-04-02,446.8391533115388,-260.988298684963,1182.0331501115797
2023-04-04,438.019488945343,-325.7010760323395,1196.6604039741653
2023-04-04,438.019488945343,-276.10745000482274,1166.3576106489952
2023-04-04,438.019488945343,-293.4298186070927,1182.6058777907283
2023-04-05,433.98175944420257,-271.2406560955255,1171.9803734072962
2023-04-05,433.98175944420257,-314.3520229078303,1180.7607221931487
2023-04-06,454.14902821698035,-224.27185022319406,1212.4841662089557
2023-04-08,528.3896712512311,-167.64003281270072,1278.4580363853945
2023-04-08,528.3896712512311,-153.02001242108804,1307.843782946419
2023-04-08,528.3896712512311,-237.35451807475076,1231.016371911407
2023-04-08,528.3896712512311,-194.1148224963986,1271.4668619716533
2023-04-08,528.3896712512311,-215.2937771677356,1225.8744973558069
2023-04-09,447.02684636005824,-298.01369460659396,1118.25893510888
2023-04-09,447.02684636005824,-293.61353911102486,1137.2255833519223
2023-04-09,447.02684636005824,-250.38246943080756,1183.5500879362908
2023-04-09,447.02684636005824,-267.7819437444669,1165.2174879856361
2023-04-09,447.02684636005824,-254.70276315135803,1230.3574918644463
2023-04-09,447.02684636005824,-217.57911575001916,1200.217599177934
2023-04-10,486.544647903737,-214.20020745619104,1228.339035743015
2023-04-10,486.544647903737,-244.6776735728995,1192.0664828758968
2023-04-11,438.20718198739604,-274.4859741693742,1145.9315981443247
2023-04-12,434.1694524792992,-321.9302290498286,1099.5532578216244
2023-04-12,434.1694524792992,-288.2374871229185,1170.3529402112154
2023-04-12,434.1694524792992,-264.4367144118083,1131.1448769954798
2023-04-12,434.1694524792992,-292.06356156276905,1099.1624344793477
2023-04-12,434.1694524792992,-352.32951004443754,1165.984091802141
2023-04-13,454.33672124571535,-246.38494714855958,1188.7524957481742
2023-04-13,454.33672124571535,-274.332517214689,1207.0510934246217
2023-04-13,454.33672124571535,-239.31746089488388,1241.8670377431317
2023-04-15,528.5773642662622,-204.99751402124946,1279.9990102150268
2023-04-15,528.5773642662622,-161.91986712595738,1240.6603720831004
2023-04-16,447.2145393684493,-253.9481950218834,1128.6781758158183
2023-04-17,486.73234090553893,-295.0253516884155,1211.3471495567228
2023-04-18,438.3948749890309,-294.5105207450678,1160.4530949618031
2023-04-18,438.3948749890309,-238.871543958714,1173.3876669426888
2023-04-18,438.3948749890309,-234.08657698431725,1120.0775590350231
2023-04-18,438.3948749890309,-320.97478841679447,1198.659604049577
2023-04-19,434.35714548095564,-268.6432664085532,1133.5527536620018
2023-04-19,434.35714548095564,-304.39556815087644,1158.6114371203741
2023-04-19,434.35714548095564,-347.31704528933,1116.1082422867453
2023-04-19,434.35714548095564,-250.8941669897172,1214.5075480635337
2023-04-19,434.35714548095564,-305.0117075425084,1137.5796773960592
2023-04-19,434.35714548095564,-266.3215545412134,1135.6502762642756
2023-04-20,454.52441424730455,-273.6863213060292,1191.7196882379749
2023-04-20,454.52441424730455,-248.90845651884783,1135.8894686494157
2023-04-20,454.52441424730455,-261.6495238299183,1160.5619179904356
2023-04-20,454.52441424730455,-218.7611046046386,1208.4695108027963
2023-04-20,454.52441424730455,-224.47970223670697,1149.5863397900764
2023-04-21,467.5585144701817,-205.86320040953103,1153.7655321096381
2023-04-21,467.5585144701817,-194.25258105153793,1264.0206812826436
2023-04-22,528.7650572680421,-165.3057390594357,1249.8142092552807
2023-04-22,528.7650572680421,-181.536329805842,1222.650908254266
2023-04-22,528.7650572680421,-125.23043161502359,1274.7867890020166
2023-04-23,447.4022324385891,-304.02333000322244,1165.5703462599872
2023-04-23,447.4022324385891,-254.97093328765223,1198.6370921753805
2023-04-23,447.4022324385891,-315.939940221222,1161.17588372785
2023-04-23,447.4022324385891,-254.99591177511957,1215.8640548513793
2023-04-23,447.4022324385891,-306.16406149038573,1134.2754379309927
2023-04-23,447.4022324385891,-281.61655852905074,1174.1906957228996
2023-04-23,447.4022324385891,-284.29492010518806,1189.7643201654284
2023-04-24,486.92003404377925,-220.60579274827074,1208.4805210957172
2023-04-24,486.92003404377925,-235.5177552997607,1249.616245477816
2023-04-25,438.5825681957868,-240.06391503838157,1147.1625423661717
2023-04-25,438.5825681957868,-239.41698553308515,1151.1517937333672
2023-04-25,438.5825681957868,-243.96478282215773,1188.6181331768116
2023-04-26,434.5448387560164,-247.23893987217164,1195.2110014332873
2023-04-26,434.5448387560164,-280.4154277713521,1134.4042739319455
2023-04-26,434.5448387560164,-247.72593783170754,1248.6460992042437
2023-04-27,454.71210759078093,-291.394789628956,1131.9727595853062
2023-04-27,454.71210759078093,-301.90658455463665,1135.3973882147914
2023-04-27,454.71210759078093,-266.93392847895524,1138.4294316490223
2023-04-28,467.74620788206346,-235.86337299161863,1178.6617488426934
2023-04-28,467.74620788206346,-285.107634549596,1159.6087794931354
2023-04-28,467.74620788206346,-213.69837675944925,1174.0399604672664
2023-04-29,528.9527507481222,-256.9529134631396,1261.1001558000844
2023-04-29,528.9527507481222,-123.75565217577797,1268.6215237963302
2023-04-29,528.9527507481222,-150.21219662667426,1229.5438592857174
2023-04-30,447.5899259186587,-246.64649126074892,1121.0818532278033
2023-04-30,447.5899259186587,-249.92487548249738,1222.5348629441125
2023-04-30,447.5899259186587,-295.88199617641266,1108.0258996261125
2023-05-01,487.1077275239478,-227.36190219191843,1240.74217018655
2023-05-01,487.1077275239478,-146.1331594474569,1160.6618043125252
2023-05-01,487.1077275239478,-257.5771242536389,1181.4960161692704
2023-05-02,438.770261675712,-240.95777355631716,1167.2627741729066
2023-05-02,438.770261675712,-266.691166085321,1176.9788172210717
2023-05-02,438.770261675712,-309.10929791390674,1185.405719616042
2023-05-03,434.7325323803791,-302.60677035695875,1163.8043018613434
2023-05-03,434.7325323803791,-250.95613239721794,1176.3328331962541
2023-05-03,434.7325323803791,-303.9571012924319,1214.882705241053
2023-05-03,434.7325323803791,-313.6790160114734,1174.00224191604
2023-05-03,434.7325323803791,-282.36009489368985,1184.055437956164
2023-05-04,454.8998013594624,-299.515160154443,1143.699868041744
2023-05-04,454.8998013594624,-213.82750641580955,1183.0428263502185
2023-05-04,454.8998013594624,-251.32803803413609,1184.721799087929
2023-05-05,467.93390179501455,-219.16535511095753,1202.9321480485498
2023-05-05,467.93390179501455,-320.3787737335209,1163.7764126226818
2023-05-05,467.93390179501455,-187.5785616739204,1197.146264156246
2023-05-05,467.93390179501455,-270.78802201799766,1221.95171587797
2023-05-05,467.93390179501455,-267.01724728885375,1136.072024850843
2023-05-06,529.140444805565,-160.9838405115561,1229.2010572074735
2023-05-06,529.140444805565,-137.07907636816154,1281.475289369487
2023-05-06,529.140444805565,-185.8027213727636,1296.4387742059773
2023-05-06,529.140444805565,-174.52654602627646,1251.8855204254044
2023-05-06,529.140444805565,-197.88337775481085,1233.2233527307615
2023-05-07,447.7776201203957,-270.5984024756398,1189.9244105396049
2023-05-07,447.7776201203957,-193.23156922142493,1184.5697190916976
2023-05-07,447.7776201203957,-275.0782442605247,1230.2099508276488
2023-05-07,447.7776201203957,-335.37428529880077,1173.337126535281
2023-05-07,447.7776201203957,-249.27128258054356,1104.1038882375617
2023-05-08,487.2954218700358,-245.3452534398235,1211.021267407617
2023-05-08,487.2954218700358,-245.92422121684422,1239.9601467841858
2023-05-08,487.2954218700358,-251.8738862962345,1200.7601707552637
2023-05-08,487.2954218700358,-225.8673806009589,1172.9240699089655
2023-05-08,487.2954218700358,-191.07905519642685,1233.7625282961083
2023-05-08,487.2954218700358,-195.8022050438796,1256.272244948545
2023-05-09,438.95795621859753,-281.301410715412,1145.3621550114174
2023-05-09,438.95795621859753,-290.1191918316947,1214.4748272817117
2023-05-09,438.95795621859753,-283.1711615707054,1156.7362431647496
2023-05-10,434.9202269761554,-257.1175455970104,1140.6337077055687
2023-05-10,434.9202269761554,-307.3182700508482,1191.2562624596678
2023-05-11,455.0874960077398,-241.4593250818716,1163.908315041794
2023-05-12,468.12159649594133,-271.9656338845563,1194.7963205108817
2023-05-13,529.3281395589383,-161.5153976798567,1247.6815319151674
2023-05-13,529.3281395589383,-230.82478945505645,1232.1166839170162
2023-05-14,447.9653149263368,-296.4492338193695,1160.340171626244
2023-05-14,447.9653149263368,-244.0285966504231,1162.8083217056583
2023-05-14,447.9653149263368,-238.01027217816903,1156.2216766984284
2023-05-15,487.4831167285596,-300.2071800165868,1179.5485343599203
2023-05-15,487.4831167285596,-264.61568513544375,1278.4317864211316
2023-05-15,487.4831167285596,-255.03916581809588,1184.4547399073635
2023-05-16,439.1456510773426,-228.59957452294154,1134.2108046108754
2023-05-16,439.1456510773426,-247.43197647169717,1169.2465579585107
2023-05-16,439.1456510773426,-317.6428047714684,1171.601535216816
2023-05-16,439.1456510773426,-299.718431939269,1192.3696639127343
2023-05-16,439.1456510773426,-311.8091417235333,1135.244656807208
2023-05-16,439.1456510773426,-301.5123609864398,1144.8501694365962
2023-05-16,439.1456510773426,-281.7180763937412,1144.195623960302
2023-05-16,439.1456510773426,-204.417042670298,1136.6105477184205
2023-05-16,439.1456510773426,-323.3795953061849,1160.5796100056311
2023-05-16,439.1456510773426,-244.4033298591071,1185.4568720496723
2023-05-16,439.1456510773426,-206.30107412426315,1166.128630282537
2023-05-17,435.10792183442135,-266.71000799718587,1187.6521376940925
2023-05-17,435.10792183442135,-260.7111543951304,1147.7309482174073
2023-05-17,435.10792183442135,-249.48502651648892,1107.6716370770853
2023-05-18,455.2751908661493,-262.55772841755794,1155.6677093543296
2023-05-18,455.2751908661493,-266.63754121180665,1201.9726803376047
2023-05-19,468.309291354471,-282.6011168434592,1204.732912211638
2023-05-19,468.309291354471,-233.15219672476707,1182.4514433968695
2023-05-19,468.309291354471,-314.2979758534216,1212.3316041723122
2023-05-20,529.5158344183345,-172.6641152581152,1300.807911684694
2023-05-20,529.5158344183345,-188.05319894661326,1273.3483803992422
2023-05-20,529.5158344183345,-120.12638544119551,1217.7955741310852
2023-05-21,448.1530097864286,-288.1631661803473,1164.356818979663
2023-05-21,448.1530097864286,-202.26866089107907,1210.4287381351967
2023-05-21,448.1530097864286,-273.2641066996189,1212.2769876934674
2023-05-22,487.6708115894625,-214.45619462759112,1189.7611145792255
2023-05-22,487.6708115894625,-254.97214262492548,1200.6862194716414
2023-05-22,487.6708115894625,-259.01059198330665,1186.9597944546651
2023-05-22,487.6708115894625,-185.063331378943,1197.235622387567
2023-05-23,439.3333459389209,-309.37694285386425,1159.1037881171328
2023-05-23,439.3333459389209,-276.88930308661656,1152.8728892037732
2023-05-23,439.3333459389209,-254.57306465813232,1189.7795467058763
2023-05-23,439.3333459389209,-258.3608966910437,1117.4036321264782
2023-05-23,439.3333459389209,-306.58862908761074,1176.8111170242737
2023-05-23,439.3333459389209,-280.43188182589614,1107.2358846415184
2023-05-23,439.3333459389209,-249.4369575126311,1096.7999213845133
2023-05-23,439.3333459389209,-325.833083421563,1197.9936572879953
2023-05-23,439.3333459389209,-272.12476463553156,1216.833522126243
2023-05-24,435.2956166971081,-279.67575301513835,1148.049379434231
2023-05-25,455.4628857295545,-248.71853959604587,1233.250621771624
2023-05-25,455.4628857295545,-260.31511276200246,1190.4079729963255
2023-05-25,455.4628857295545,-231.58794559217398,1160.1132544904626
2023-05-26,468.4969862184441,-224.6943321242721,1218.402791238301
2023-05-26,468.4969862184441,-191.7238319914644,1207.56395783705
2023-05-26,468.4969862184441,-238.6912491705592,1145.3565613866454
2023-05-27,529.7035292824711,-195.25548849181575,1230.5180653365715
2023-05-27,529.7035292824711,-226.0432436858222,1263.0240081341253
2023-05-27,529.7035292824711,-204.00416628488856,1217.0270602533988
2023-05-28,448.34070465058215,-257.28210768231224,1228.8247780164838
2023-05-29,487.8585064536836,-230.93704419015575,1173.3403161074523
2023-05-30,439.52104084229745,-350.2339489521504,1136.6250193622288
2023-05-30,439.52104084229745,-294.32959770082067,1197.658824364921
2023-05-31,435.48331163914884,-268.35030843701907,1144.7099968592436
2023-05-31,435.48331163914884,-279.7282611005933,1204.6979429262356
2023-05-31,435.48331163914884,-310.5024341143501,1130.9903069214076
2023-06-01,455.65058071043273,-235.47972565013555,1162.0525090552774
2023-06-01,455.65058071043273,-267.17983212183225,1136.6123542854793
2023-06-01,455.65058071043273,-315.25195001401204,1193.2364128209351
2023-06-02,468.6846812383991,-231.83210071455187,1164.3608087796044
2023-06-02,468.6846812383991,-276.88239035895566,1157.8657680426834
2023-06-02,468.6846812383991,-277.71535173319216,1213.7647097320682
2023-06-03,529.8912243413909,-262.63754054163826,1209.0901682188492
2023-06-03,529.8912243413909,-204.95333008050335,1277.4772195443757
2023-06-03,529.8912243413909,-183.9803372240694,1259.0408148463778
2023-06-04,448.5283997484129,-297.80407823236806,1189.4454036809382
2023-06-04,448.5283997484129,-263.8578976935189,1240.1271064799714
2023-06-04,448.5283997484129,-267.44019314493994,1159.419236141053
2023-06-04,448.5283997484129,-262.2849216060534,1166.6655645056037
2023-06-05,488.0462015904823,-250.76226862968838,1225.00727183358
2023-06-05,488.0462015904823,-285.9236986222313,1218.9103652670135
2023-06-06,439.70873597897184,-275.85613834844247,1176.340657459555
2023-06-06,439.70873597897184,-287.0734547358884,1113.3456111619585
2023-06-06,439.70873597897184,-318.79830892711254,1173.5503105275823
2023-06-06,439.70873597897184,-267.31587344469347,1146.1731129516522
2023-06-07,435.67100677592106,-220.4125490382553,1188.0497305063855
2023-06-07,435.67100677592106,-251.28456365534956,1182.3615934779389
2023-06-08,455.8382758475313,-288.82066323418763,1187.9140368345024
2023-06-08,455.8382758475313,-284.3149074787024,1107.4462900442595
2023-06-09,468.872376375224,-214.83557211705872,1160.7170460787966
2023-06-09,468.872376375224,-260.9411710078308,1197.183524184974
2023-06-09,468.872376375224,-260.37600810095057,1227.3135878895584
2023-06-10,530.0789194781614,-173.94644194017712,1247.1062851840531
2023-06-10,530.0789194781614,-181.101374713795,1287.7926981871788
2023-06-10,530.0789194781614,-227.5947675703393,1200.6608757009606
2023-06-10,530.0789194781614,-157.33202562328128,1290.4365432405612
2023-06-11,448.7160948853302,-305.3899020884476,1161.8610806641698
2023-06-11,448.7160948853302,-313.34993358478283,1135.6128069942984
2023-06-11,448.7160948853302,-262.5333563159307,1180.0821476303688
2023-06-11,448.7160948853302,-307.67972353598253,1153.0019611429661
2023-06-11,448.7160948853302,-283.62802196351066,1156.3965389080047
2023-06-12,488.2338967387298,-239.28320452470035,1215.6428848175283
2023-06-13,439.8964311384887,-283.87740294854297,1100.073825150052
2023-06-14,435.85870194668234,-279.62380245502015,1139.939166719559
2023-06-15,456.02597102955514,-240.32055827819076,1204.7746340813094
2023-06-15,456.02597102955514,-272.1586510652434,1253.0350927912098
2023-06-16,469.06007156854247,-253.03248521780984,1189.4272625833617
2023-06-16,469.06007156854247,-209.69879654299146,1243.429937908629
2023-06-17,530.2666146829106,-205.80291888779243,1243.2771691793803
2023-06-17,530.2666146829106,-207.45260109017488,1256.10675232233
2023-06-17,530.2666146829106,-196.21386147693158,1233.8631690714235
2023-06-18,448.9037901014573,-238.38964067229048,1187.007976714805
2023-06-19,488.4215919547179,-264.98555847866186,1154.0383429513652
2023-06-19,488.4215919547179,-248.56240826858934,1207.908340142883
2023-06-19,488.4215919547179,-184.53171919924225,1215.0238454417138
2023-06-19,488.4215919547179,-238.92053454616223,1198.6505859646916
2023-06-19,488.4215919547179,-255.8029659445651,1181.01048976104
2023-06-20,440.0841263546543,-288.3587905194229,1163.2459975801883
2023-06-20,440.0841263546543,-269.82367754150283,1169.3934972660659
2023-06-21,436.04639716297356,-296.03048760937764,1137.484832976481
2023-06-21,436.04639716297356,-339.83713521298284,1102.325594137809
2023-06-22,456.2136662456146,-272.53105420325124,1169.9634671986285
2023-06-22,456.2136662456146,-221.36196910109214,1103.61130909466
2023-06-22,456.2136662456146,-246.07648876761863,1206.7860726247832
2023-06-22,456.2136662456146,-254.41184907837436,1204.0353261382804
2023-06-23,469.2478462829019,-276.3257936892294,1195.5841448223212
2023-06-23,469.2478462829019,-192.9440756909209,1209.7765520271341
2023-06-24,530.4544688952165,-169.28385914898203,1287.8259301765904
2023-06-24,530.4544688952165,-162.13456074781897,1280.208581953032
2023-06-24,530.4544688952165,-154.62547476694513,1216.0988799383047
2023-06-24,530.4544688952165,-207.15970089241407,1285.4136114759726
2023-06-24,530.4544688952165,-181.55128675228872,1320.7122887589837
2023-06-25,449.09172381183095,-247.21512256592032,1153.568838344583
2023-06-26,488.60960516317414,-261.3855324335208,1258.9014082066085
2023-06-26,488.60960516317414,-242.88169352993043,1195.8917799892108
2023-06-26,488.60960516317414,-255.97688485748895,1183.0476520511124
2023-06-27,440.27221906130717,-292.64493041064543,1149.7883817877123
2023-06-28,436.2345693677579,-352.91456399493296,1216.340320395872
2023-06-29,456.4019179483999,-234.9063969608396,1185.448968040321
2023-06-29,456.4019179483999,-252.28915245134453,1173.0543023406055
2023-06-29,456.4019179483999,-335.1608038682122,1133.7466110995802
2023-06-30,469.43609798546663,-284.5898110033634,1237.1058315586135
2023-06-30,469.43609798546663,-295.6835249294982,1169.5742803216679
2023-07-01,530.6427205979332,-160.40545833995984,1220.1766166213597
2023-07-01,530.6427205979332,-171.15054454160614,1240.853208196149
2023-07-01,530.6427205979332,-146.66519040198529,1262.987893929468
2023-07-01,530.6427205979332,-218.69902919881005,1248.417685167863
2023-07-03,488.79785686585655,-292.59913996046527,1172.045581233927
2023-07-03,488.79785686585655,-224.62019673834308,1211.9592413971761
2023-07-04,440.4604707638652,-329.36130323160376,1174.928117746161
2023-07-05,436.4228210704136,-192.65655136465847,1170.5786487680675
2023-07-05,436.4228210704136,-290.99127752631426,1171.5522681186114
2023-07-05,436.4228210704136,-288.5603490179178,1096.0838839424498
2023-07-05,436.4228210704136,-312.89984412368204,1152.6419041323913
2023-07-06,456.59016965118514,-246.44313731439343,1147.9832082431183
2023-07-06,456.59016965118514,-277.3680797603494,1141.439289608374
2023-07-06,456.59016965118514,-265.73789514985737,1178.5709583853088
2023-07-08,530.830973692051,-154.18338327613154,1284.1902861214185
2023-07-08,530.830973692051,-196.6612779253838,1241.6454271141238
2023-07-09,449.46822930418676,-287.03015163698853,1212.5651777801218
2023-07-09,449.46822930418676,-321.0233074878588,1139.4298705631174
2023-07-09,449.46822930418676,-264.11587552891706,1190.934989480032
2023-07-09,449.46822930418676,-304.36562916207725,1171.2216759904907
2023-07-11,440.64872594514526,-242.6412214939152,1171.486761673955
2023-07-11,440.64872594514526,-256.89395559858946,1108.885356645738
2023-07-12,436.6110769470967,-297.4931628200461,1149.1725395211865
2023-07-13,456.7784262235185,-348.3391158923888,1195.0755988867534
2023-07-14,469.81260695639753,-218.63844391473486,1169.018759248254
2023-07-14,469.81260695639753,-232.67988685929242,1161.3602148855073
2023-07-14,469.81260695639753,-275.7172863060086,1240.9177007880194
2023-07-14,469.81260695639753,-283.6498221031777,1174.809061497445
2023-07-14,469.81260695639753,-297.2217064862356,1192.2219721755969
2023-07-14,469.81260695639753,-269.5702443111143,1165.2396807274374
2023-07-14,469.81260695639753,-267.68559568933114,1186.2501536412988
2023-07-14,469.81260695639753,-269.6390245620245,1217.6882546533654
2023-07-14,469.81260695639753,-253.5663018229593,1188.9852827671189
2023-07-14,469.81260695639753,-251.3885501015442,1185.0929345487798
2023-07-15,531.0192302644039,-221.00417791251272,1259.170017172729
2023-07-15,531.0192302644039,-151.80432919848852,1224.4862294087418
2023-07-16,449.65648587658774,-241.23734462506854,1200.6414160893785
2023-07-16,449.65648587658774,-366.26116184253226,1114.0060051622713
2023-07-17,489.17436792372376,-230.39398168601807,1223.0472531959695
2023-07-17,489.17436792372376,-161.51081359242215,1216.4695410463623
2023-07-19,436.7993335195031,-291.74394427505274,1171.427098799027
2023-07-19,436.7993335195031,-278.1784274566221,1125.1482857361302
2023-07-19,436.7993335195031,-268.8866978551034,1147.7552990887011
2023-07-19,436.7993335195031,-267.7719072874298,1138.3131660059373
2023-07-21,470.0008637248402,-289.1420066615172,1225.3121985349192
2023-07-22,531.2074871307191,-173.40784769606577,1214.9646004016793
2023-07-22,531.2074871307191,-168.083868398757,1267.974341950324
2023-07-23,449.84474284093307,-222.4692161586366,1175.8727213894872
2023-07-24,489.362624985854,-267.56898592618046,1228.077460096578
2023-07-24,489.362624985854,-216.6311941940513,1175.9505301645813
2023-07-24,489.362624985854,-234.57652084924678,1272.1349746106632
2023-07-24,489.362624985854,-225.56945079723832,1223.5476010440925
2023-07-24,489.362624985854,-278.9779272947425,1213.667179891076
2023-07-25,441.0252396775161,-307.25997016830934,1152.9233484990145
2023-07-25,441.0252396775161,-250.84052160246625,1195.9039876149373
2023-07-25,441.0252396775161,-254.29917314670323,1142.371949492235
2023-07-26,436.9875907776885,-317.2274908101722,1158.4800521444313
2023-07-26,436.9875907776885,-258.9778283663732,1163.003440264799
2023-07-26,436.9875907776885,-326.9191299536951,1108.977739378281
2023-07-27,457.15494015185556,-292.46752977466406,1166.9280470191263
2023-07-27,457.15494015185556,-246.5853090442411,1158.496362963175
2023-07-27,457.15494015185556,-179.99612078614862,1212.8332890991037
2023-07-28,470.1891209828677,-250.10624720354292,1199.7810596733557
2023-07-28,470.1891209828677,-331.53123323710213,1224.5310890179765
2023-07-28,470.1891209828677,-274.7949522383679,1190.3919293074216
2023-07-28,470.1891209828677,-289.44144541911277,1159.6551072579894
2023-07-28,470.1891209828677,-257.6583076730055,1217.5058579582374
2023-07-29,531.3957443886922,-189.39120797047454,1308.5162127923224
2023-07-29,531.3957443886922,-152.1446194513153,1281.9001437287066
2023-07-30,450.033000098923,-278.9559397591605,1171.0410051396698
2023-07-30,450.033000098923,-256.52379223925834,1100.5922320427828
2023-07-31,489.5508822438553,-212.61550556690563,1239.4851910482062
2023-08-01,441.213496935393,-304.7301373825886,1141.1332495968504
2023-08-01,441.213496935393,-275.2185186280438,1170.0223172057492
2023-08-01,441.213496935393,-254.98539861902506,1180.4472258220571
2023-08-02,437.17584807569125,-286.8598013901745,1177.6772179272964
2023-08-03,457.3431974906344,-252.32623488485476,1185.3654199261628
2023-08-03,457.3431974906344,-235.3586888593438,1185.260633774826
2023-08-03,457.3431974906344,-261.85566203491493,1186.4864068565555
2023-08-04,470.3773783614566,-306.72973818849596,1191.0791503768005
2023-08-04,470.3773783614566,-322.49905100471847,1177.5409962128056
2023-08-04,470.3773783614566,-276.6013945571244,1190.0594792348966
2023-08-04,470.3773783614566,-239.36173493719195,1182.4223828422196
2023-08-05,531.5840018076834,-246.0666723332261,1262.7775686023006
2023-08-05,531.5840018076834,-274.62864842900046,1280.288814116811
2023-08-05,531.5840018076834,-168.0557097451301,1290.0703812369923
2023-08-05,531.5840018076834,-145.25348304746745,1233.6965770379175
2023-08-05,531.5840018076834,-209.08672903249277,1185.7504152631973
2023-08-05,531.5840018076834,-216.52688383096242,1171.1847151866534
2023-08-05,531.5840018076834,-131.98271537359474,1318.7391477386466
2023-08-05,531.5840018076834,-171.50405455540556,1282.8177103345351
2023-08-06,450.2212575581074,-274.382318577319,1161.3851299399016
2023-08-06,450.2212575581074,-301.2151762456752,1121.940870190399
2023-08-07,489.7391397434089,-199.67013377842616,1197.6702430299986
2023-08-07,489.7391397434089,-265.8340012630546,1157.4203542314876
2023-08-08,441.40175447512513,-267.37700342590006,1203.6797883507083
2023-08-08,441.40175447512513,-309.2732276934542,1146.3382030177208
2023-08-08,441.40175447512513,-249.92205914793718,1161.1383875786469
2023-08-08,441.40175447512513,-277.83483461704157,1184.2613880365834
2023-08-09,437.3641056156011,-277.90478034454,1219.2890790425276
2023-08-09,437.3641056156011,-314.48267822034774,1211.0634210826136
2023-08-09,437.3641056156011,-268.3957150606061,1156.1899029355545
2023-08-09,437.3641056156011,-284.2056704410698,1158.8977317916085
2023-08-10,457.5314550302142,-280.2672033997704,1233.5125940356133
2023-08-11,470.565635876689,-219.65263707632647,1168.2688883416008
2023-08-11,470.565635876689,-309.4224979626585,1199.6663104590561
2023-08-11,470.565635876689,-265.92913398727063,1135.6109425014783
2023-08-12,531.7722592983941,-207.10348263803598,1300.288515676829
2023-08-12,531.7722592983941,-194.65980889094445,1205.6184110279032
2023-08-12,531.7722592983941,-129.2492098187932,1297.1071317810513
2023-08-12,531.7722592983941,-220.28344451313856,1187.210866610362
2023-08-13,450.4095150243988,-246.71671125488623,1180.510467462215
2023-08-13,450.4095150243988,-290.1425946392777,1137.7970535600048
2023-08-14,489.9273971850938,-247.5737468079819,1205.0796968177303
2023-08-14,489.9273971850938,-242.6450043718861,1282.3895276985197
2023-08-15,441.5900118925963,-276.6526527373788,1187.3264407389054
2023-08-15,441.5900118925963,-287.42064082144645,1143.5379211292336
2023-08-15,441.5900118925963,-286.00906646602886,1162.3466535988207
2023-08-15,441.5900118925963,-301.86542586397513,1112.0001825360605
2023-08-15,441.5900118925963,-241.6490247326011,1216.896075631999
2023-08-15,441.5900118925963,-314.7039448130072,1140.863926365216
2023-08-17,457.7197123985217,-232.2808389005451,1234.5915833876481
2023-08-18,470.7538932452606,-272.8946421800034,1143.1802055534185
2023-08-18,470.7538932452606,-264.61013592538103,1178.709301282914
2023-08-18,470.7538932452606,-267.6999585504911,1185.8282558309318
2023-08-19,531.9605166668299,-231.00723987659256,1302.484419713757
2023-08-19,531.9605166668299,-249.61917542199419,1252.2995093136253
2023-08-19,531.9605166668299,-196.67109150402186,1293.049156309592
2023-08-19,531.9605166668299,-200.21614054977246,1241.603731441803
2023-08-20,450.59777239288746,-296.87304117785243,1202.3631528220378
2023-08-21,490.11565455361415,-240.38236471871207,1189.0670670327029
2023-08-21,490.11565455361415,-261.227465446166,1252.6943548679765
2023-08-21,490.11565455361415,-219.93325803411875,1224.2953188781025
2023-08-21,490.11565455361415,-252.17849636263233,1201.1010018409818
2023-08-21,490.11565455361415,-247.554671579486,1210.640044884164
2023-08-21,490.11565455361415,-223.40502041356302,1150.7488707692755
2023-08-22,441.7782692610564,-277.3842529900201,1174.1251238947407
2023-08-22,441.7782692610564,-335.69703047106594,1173.7521118902803
2023-08-23,437.7406204150107,-273.4981774526866,1145.9677877594286
2023-08-23,437.7406204150107,-275.0962475071953,1148.6961658591206
2023-08-23,437.7406204150107,-310.71939239381754,1144.8348776545342
2023-08-24,457.90796984341125,-267.2633069542076,1170.4164572798568
2023-08-24,457.90796984341125,-365.36499110416867,1208.9787266844182
2023-08-24,457.90796984341125,-254.92075499325531,1231.9478041504703
2023-08-25,470.9421507281221,-305.4360027683969,1219.8478358720827
2023-08-25,470.9421507281221,-247.5245874230933,1176.7437684683946
2023-08-25,470.9421507281221,-248.8289230275022,1223.0864618396447
2023-08-26,532.1487741881572,-204.37451076404707,1280.9247541057448
2023-08-26,532.1487741881572,-187.3495699587556,1226.7858348792292
2023-08-26,532.1487741881572,-136.62042528695048,1280.606287568065
2023-08-27,450.7860299523033,-237.57441403019817,1145.5430995501163
2023-08-27,450.7860299523033,-275.1101666109819,1163.965360276403
2023-08-27,450.7860299523033,-267.0372720774507,1191.54307712936
2023-08-27,450.7860299523033,-283.02649726466194,1146.5984952702404
2023-08-28,490.30391215129015,-200.2758838020331,1180.4032866996165
2023-08-28,490.30391215129015,-234.2022795714856,1185.2512584415229
2023-08-28,490.30391215129015,-207.05374093071325,1185.0765820150423
2023-08-29,441.9665268966816,-264.8647881619545,1112.7200695666877
2023-08-29,441.9665268966816,-312.2311717642883,1177.5062813805812
2023-08-29,441.9665268966816,-296.41845551454816,1137.8528291930238
2023-08-29,441.9665268966816,-264.07602959204985,1162.4462423942177
2023-08-31,458.0962274789165,-234.58825419808292,1205.1475340780137
2023-08-31,458.0962274789165,-265.31227800570116,1168.5959921674569
2023-08-31,458.0962274789165,-226.0764042907122,1200.6682583887984
2023-08-31,458.0962274789165,-245.7786320467719,1141.757632038377
2023-08-31,458.0962274789165,-299.43135124719703,1162.1647478731502
2023-09-01,471.1304083640419,-231.70090730636977,1174.2012052044374
2023-09-01,471.1304083640419,-242.17092183065293,1167.9159656262923
2023-09-01,471.1304083640419,-228.84382735315788,1164.8152384797193
2023-09-01,471.1304083640419,-267.3295011321063,1188.84127714955
2023-09-02,532.3370318997834,-233.9407563889872,1302.293396241477
2023-09-02,532.3370318997834,-164.33570029476923,1283.1569385665794
2023-09-02,532.3370318997834,-185.94780779028488,1254.5023959444732
2023-09-03,450.97428773972604,-278.4324047461891,1147.0214714233664
2023-09-04,490.49217001456645,-261.337577357084,1251.3244836701158
2023-09-05,442.15478483611787,-304.0297753043304,1135.7087511309073
2023-09-05,442.15478483611787,-296.99075056718453,1160.076796576269
2023-09-06,438.1171360656677,-307.04565612588345,1233.3502253582633
2023-09-06,438.1171360656677,-286.3776644783131,1110.5511410604565
2023-09-06,438.1171360656677,-295.9838976616008,1201.701053152979
2023-09-06,438.1171360656677,-291.29510211998877,1166.6961463575863
2023-09-06,438.1171360656677,-299.6782076884025,1150.3089281169773
2023-09-07,458.2844855700191,-279.4687802253116,1214.143639210266
2023-09-07,458.2844855700191,-264.0390922010305,1133.550040656475
2023-09-07,458.2844855700191,-307.71791511284664,1197.6730497076107
2023-09-08,471.3186665308571,-256.62173221620446,1203.525419857853
2023-09-08,471.3186665308571,-255.5589732775652,1195.9257502720504
2023-09-08,471.3186665308571,-219.93831022569285,1190.1080832019588
2023-09-08,471.3186665308571,-219.5206898039807,1226.0797170446663
2023-09-09,532.5252900664003,-170.93311123547295,1267.7522634962459
2023-09-09,532.5252900664003,-203.39793456916092,1298.0972026481106
2023-09-09,532.5252900664003,-170.63205277820802,1190.0522598456478
2023-09-10,451.162545906391,-263.78601654456804,1150.0785597739657
2023-09-11,490.6804281813508,-244.08347021435145,1222.7567805661522
2023-09-11,490.6804281813508,-278.3057305100318,1146.3893623887363
2023-09-13,438.30539423228606,-319.17412979025414,1200.7052851427163
2023-09-14,458.4727437365702,-283.9991900629136,1221.1037754320253
2023-09-15,471.5069246975283,-288.9167680988632,1183.8786673443553
2023-09-16,532.7135482331382,-201.19553000622432,1273.6729852544734
2023-09-16,532.7135482331382,-186.91062224816798,1207.0133208433467
2023-09-16,532.7135482331382,-169.28597974831283,1286.9221122466497
2023-09-17,451.35080407305605,-248.01493039908493,1152.9319307673284
2023-09-17,451.35080407305605,-240.77009174335873,1162.1991477840324
2023-09-17,451.35080407305605,-262.78393256031995,1164.4401002287796
2023-09-17,451.35080407305605,-259.23441244062417,1158.6405274273488
2023-09-17,451.35080407305605,-314.73984143588837,1179.430723958594
2023-09-18,490.868686376091,-263.42180511678595,1196.8172858995747
2023-09-18,490.868686376091,-255.55009215431005,1211.612277505825
2023-09-18,490.868686376091,-275.71935733875165,1198.5297239707068
2023-09-19,442.53130122595337,-341.57553571001154,1144.9882570295777
2023-09-19,442.53130122595337,-286.06189159794957,1137.3464057700055
2023-09-21,458.6610020161747,-278.8828024090974,1212.2576601178355
2023-09-21,458.6610020161747,-297.87811241661467,1134.399222458365
2023-09-22,471.6951830051149,-204.87468771622636,1175.4544997187782
2023-09-22,471.6951830051149,-278.0177098202139,1156.8214519763746
2023-09-23,532.90180656904,-190.17461194281248,1262.6001986375566
2023-09-24,451.53906243722014,-270.9901569811876,1120.351145466401
2023-09-24,451.53906243722014,-316.3133423055915,1132.3216477391732
2023-09-25,491.0569447403539,-208.23839907761743,1246.6159415888376
2023-09-25,491.0569447403539,-242.2162611436717,1200.9703696324493
2023-09-25,491.0569447403539,-237.5006602799184,1273.279972073177
2023-09-26,442.71955958997296,-356.9171210467885,1183.888520925659
2023-09-28,458.8492603804216,-231.66177564031878,1213.5989092411442
2023-09-28,458.8492603804216,-264.8235393039123,1117.0481767030292
2023-09-28,458.8492603804216,-355.38171878273135,1138.442537319113
2023-09-29,471.8834413691412,-288.9639569372654,1207.23246475248
2023-09-29,471.8834413691412,-242.02249580143723,1262.7413975128964
2023-09-29,471.8834413691412,-255.69393453853777,1196.20533079965
2023-09-29,471.8834413691412,-266.92998828937806,1193.5553272270035
2023-09-30,533.0900649332807,-163.496842827175,1273.412436716418
2023-09-30,533.0900649332807,-198.59214993626603,1222.2550391380994
2023-10-01,451.72732081123524,-314.63168640891735,1165.952136294478
2023-10-01,451.72732081123524,-335.5922413032983,1166.5598220275476
2023-10-01,451.72732081123524,-281.21659755600047,1135.9987246647365
2023-10-02,491.24520312426284,-254.1842365023676,1220.4244368676925
2023-10-02,491.24520312426284,-234.1340789761038,1230.2919664713584
2023-10-02,491.24520312426284,-237.78492984800252,1254.191035375151
2023-10-02,491.24520312426284,-221.0860921187726,1177.4896418488752
2023-10-02,491.24520312426284,-253.59292350334576,1219.1043494530209
2023-10-03,442.9078179836401,-238.32092665085872,1160.3352789623466
2023-10-03,442.9078179836401,-295.0898100202878,1196.144910746325
2023-10-03,442.9078179836401,-240.12301698246853,1198.7412437875666
2023-10-03,442.9078179836401,-264.3107772861357,1152.1173142223893
2023-10-03,442.9078179836401,-334.1526086523342,1147.8602000303827
2023-10-04,438.87016925178517,-302.6933316664061,1187.359161815863
2023-10-04,438.87016925178517,-270.591355801717,1218.9172926850943
2023-10-04,438.87016925178517,-295.56641835758046,1188.995152617646
2023-10-04,438.87016925178517,-310.19927044149824,1180.1709848775188
2023-10-04,438.87016925178517,-286.4395525920095,1186.367696621762
2023-10-04,438.87016925178517,-262.43890084187575,1128.3198748301143
2023-10-05,459.037518794081,-255.69954271889188,1233.9357745899158
2023-10-05,459.037518794081,-272.2214973459559,1188.2202301543575
2023-10-06,472.0716997927504,-273.47285982000307,1169.2853405885244
2023-10-07,533.2783233665742,-187.7862086394379,1246.30195461592
2023-10-07,533.2783233665742,-195.26543148028847,1241.9731186920078
2023-10-07,533.2783233665742,-144.07077206870702,1243.9612616690474
2023-10-07,533.2783233665742,-145.54694578263218,1309.2829256983814
2023-10-08,451.9155792446754,-278.6120230484712,1162.166582054618
2023-10-08,451.9155792446754,-256.6539749549817,1209.7622353041493
2023-10-09,491.4334615576049,-170.89019599476075,1201.1376783045846
2023-10-09,491.4334615576049,-241.28949455180668,1235.8513116820811
2023-10-09,491.4334615576049,-280.02451988227244,1195.2806629667366
2023-10-10,443.0960764372284,-386.8934127503921,1122.9563145123184
2023-10-10,443.0960764372284,-242.71844627035503,1163.3074743081515
2023-10-10,443.0960764372284,-273.327692894139,1188.3039014768867
2023-10-10,443.0960764372284,-274.5950508763728,1161.525532361324
2023-10-11,439.0584277249195,-286.7333546179603,1167.3255576118256
2023-10-11,439.0584277249195,-259.6175116818184,1169.994924022284
2023-10-11,439.0584277249195,-308.17895522034655,1099.90035821898
2023-10-11,439.0584277249195,-303.993962335765,1130.6162336278949
2023-10-11,439.0584277249195,-249.18517813905524,1151.435436285777
2023-10-11,439.0584277249195,-279.22788788165525,1144.316563747978
2023-10-11,439.0584277249195,-273.32633791210895,1168.752828362607
2023-10-12,459.225777287384,-260.97185982052173,1139.1821212515797
2023-10-12,459.225777287384,-279.5400294155768,1217.879781132515
2023-10-12,459.225777287384,-257.03936775798024,1185.195501619768
2023-10-13,472.25995830604336,-268.2621408606786,1203.7598342389524
2023-10-13,472.25995830604336,-217.04975855115703,1180.9546390806427
2023-10-13,472.25995830604336,-287.8668932292978,1179.0301487075446
2023-10-14,533.4665818999933,-216.27077663480378,1255.884745493733
2023-10-14,533.4665818999933,-187.35276214683813,1276.898926993919
2023-10-15,452.1038377981363,-291.5833968171947,1182.942413833071
2023-10-15,452.1038377981363,-260.95422322468636,1133.8593701620046
2023-10-15,452.1038377981363,-240.63969575820798,1213.795177012114
2023-10-16,491.62172013110217,-249.97298305810813,1208.6638635921613
2023-10-16,491.62172013110217,-272.0316740199172,1237.9165308523802
2023-10-16,491.62172013110217,-237.16707383848154,1227.975415623811
2023-10-16,491.62172013110217,-243.84447602905195,1191.2987971245195
2023-10-17,443.2843350106013,-305.4862791899839,1128.8124406864085
2023-10-17,443.2843350106013,-298.23122000119776,1136.3511606848358
2023-10-18,439.24668629860093,-264.2318587948079,1123.6968525675632
2023-10-18,439.24668629860093,-345.4529032714491,1190.284781245375
2023-10-19,459.4140358610306,-363.7064934192888,1211.6760799397975
2023-10-19,459.4140358610306,-269.07593127480493,1191.834227174783
2023-10-19,459.4140358610306,-277.8489976237893,1267.9602102579438
2023-10-19,459.4140358610306,-293.060729460858,1203.2920880436152
2023-10-20,472.4482167828154,-262.9667166712867,1226.827006794215
2023-10-21,533.6548402797968,-215.68327111305624,1306.5720942255296
2023-10-22,452.29209608099893,-288.88374317810116,1217.2386318393064
2023-10-22,452.29209608099893,-303.95785199250463,1187.224264006217
2023-10-22,452.29209608099893,-271.5470431658821,1204.4093847694123
2023-10-23,491.80997831701814,-197.59723827514753,1178.1618657153072
2023-10-23,491.80997831701814,-260.98542092882167,1229.7659851968492
2023-10-23,491.80997831701814,-215.02434972518412,1213.841197343792
2023-10-23,491.80997831701814,-221.51898613694487,1238.0067078679015
2023-10-24,443.4725930997567,-255.33366806599014,1156.8021273269474
2023-10-24,443.4725930997567,-263.0828590138534,1190.7444240914383
2023-10-24,443.4725930997567,-314.43234070970243,1100.021117169333
2023-10-24,443.4725930997567,-302.452899339645,1151.3190230377998
2023-10-25,439.4349442909104,-293.45229282571813,1157.6955279311235
2023-10-25,439.4349442909104,-248.11860799747305,1182.7503111936721
2023-10-26,459.60229375616655,-291.7675125205901,1204.3572090444372
2023-10-26,459.60229375616655,-347.31674395521657,1218.885982033571
2023-10-26,459.60229375616655,-268.8126774424204,1148.659725136305
2023-10-27,472.6364746780715,-257.79169887471954,1194.9241120902925
2023-10-27,472.6364746780715,-204.983171378838,1116.5378782869896
2023-10-27,472.6364746780715,-229.6516804093734,1191.5986303074756
2023-10-29,452.48035397621743,-219.63815117680977,1165.1108882873646
2023-10-29,452.48035397621743,-300.81872731788593,1129.375055781374
2023-10-29,452.48035397621743,-287.48862466747465,1247.0841192888088
2023-10-29,452.48035397621743,-275.93172927912224,1199.2650607776611
2023-10-29,452.48035397621743,-261.77688639412486,1206.4981478800867
2023-10-29,452.48035397621743,-267.4300727723312,1114.5142583703177
2023-10-30,491.99823621224795,-275.5520919322978,1152.2928261259444
2023-10-31,443.66085099486213,-307.82860824556553,1139.2604699384538
2023-10-31,443.66085099486213,-229.42139577985762,1140.3274622069532
2023-10-31,443.66085099486213,-246.0174281021034,1156.671842452397
2023-11-01,439.62320218590276,-271.1108869963296,1144.710818828004
2023-11-01,439.62320218590276,-329.37669379997345,1197.3600290591721
2023-11-01,439.62320218590276,-271.5183001003622,1133.619656608318
2023-11-01,439.62320218590276,-335.74463329281514,1153.975018327622
2023-11-02,459.79055165169615,-228.89952318312322,1208.2153586063587
2023-11-02,459.79055165169615,-281.6054603511083,1174.362808561648
2023-11-02,459.79055165169615,-256.8946792780636,1208.0707306474335
2023-11-02,459.79055165169615,-273.7135422558447,1200.2365746771495
2023-11-02,459.79055165169615,-262.9593569920452,1214.8544846386421
2023-11-02,459.79055165169615,-286.68761694461284,1193.2713806132308
2023-11-03,472.82473257332754,-243.92471869032138,1201.9493533529958
2023-11-04,534.0313560703213,-204.61003132017336,1243.1778242522516
2023-11-05,452.66861187159725,-241.6814120761238,1205.6705694012248
2023-11-05,452.66861187159725,-281.083793919613,1173.6668037917284
2023-11-06,492.1864941075968,-232.98417957724416,1228.3944160854985
2023-11-06,492.1864941075968,-235.1654653604092,1220.9914088034338
2023-11-07,443.84910889015066,-315.0309724639156,1185.8400480372577
2023-11-07,443.84910889015066,-301.43540465644344,1191.01155013599
2023-11-07,443.84910889015066,-266.3263709119591,1151.152716785373
2023-11-07,443.84910889015066,-246.34191045948228,1149.8797991538308
2023-11-07,443.84910889015066,-262.0640685277993,1208.8632856018776
2023-11-07,443.84910889015066,-348.374261765911,1153.426282510696
2023-11-08,439.8114600813168,-294.38725249871715,1172.705252168158
2023-11-08,439.8114600813168,-241.2887519327855,1140.7286153626685
2023-11-09,459.9788095466816,-258.0381205407933,1188.5814945908114
2023-11-09,459.9788095466816,-249.29041934218918,1124.0810297587793
2023-11-09,459.9788095466816,-286.4628997421449,1130.5569267839096
2023-11-10,473.01299046858367,-231.42072734623144,1247.4348750375045
2023-11-10,473.01299046858367,-235.1175651072454,1187.1973307250091
2023-11-12,452.8568697668158,-269.57159057802704,1201.822440266145
2023-11-12,452.8568697668158,-220.22481780680909,1209.3857320092927
2023-11-13,492.37475200270774,-238.81293190148733,1192.1261321563588
2023-11-13,492.37475200270774,-204.15037827298679,1184.3314296863234
2023-11-14,444.03736678543913,-301.45764532558724,1155.5860331417623
2023-11-14,444.03736678543913,-289.98605506854943,1140.3399951777028
2023-11-14,444.03736678543913,-280.78796749901153,1275.9322825005754
2023-11-14,444.03736678543913,-327.0661074359557,1173.2804485109007
2023-11-15,439.99971797657213,-275.3905569320033,1188.7522714454099
2023-11-15,439.99971797657213,-236.97126962977174,1168.894628443449
2023-11-15,439.99971797657213,-307.00860698583085,1166.0086147558638
2023-11-16,460.1670674420144,-265.076225088182,1182.5067478509075
2023-11-17,473.2012483639837,-223.61392166524118,1175.8784271806162
2023-11-17,473.2012483639837,-308.84662097793625,1214.870086671235
2023-11-17,473.2012483639837,-292.5292340388457,1218.7795303904152
2023-11-17,473.2012483639837,-263.8486011414072,1145.9377478827248
2023-11-18,534.4078718607874,-152.3035171464041,1241.1400899899077
2023-11-18,534.4078718607874,-211.66816896730228,1261.2818480228789
2023-11-18,534.4078718607874,-187.60708179742585,1268.4639459150715
2023-11-19,453.0451276620344,-314.0910563656182,1211.7114300810229
2023-11-19,453.0451276620344,-236.76730365523787,1136.9795720689124
2023-11-20,492.563009898077,-264.1922327694756,1258.4188595632547
2023-11-21,444.2256246807276,-304.41865221723555,1176.7985723078407
2023-11-21,444.2256246807276,-238.2762998042726,1175.1948878581952
2023-11-21,444.2256246807276,-278.82227479044997,1177.4729752053731
2023-11-22,440.18797587177534,-312.33625628638384,1171.9853892640153
2023-11-22,440.18797587177534,-266.5498337910184,1155.8806004493526
2023-11-22,440.18797587177534,-314.8340626669499,1206.3812889088458
2023-11-23,460.35532533715036,-281.1477604430301,1204.0019879171268
2023-11-23,460.35532533715036,-336.05988826169,1228.3234303673578
2023-11-23,460.35532533715036,-291.8146373345376,1158.644828128704
2023-11-24,473.3895062590959,-236.41566856110092,1126.0144171094696
2023-11-24,473.3895062590959,-253.78152593313914,1256.0532097916084
2023-11-24,473.3895062590959,-246.52329360846062,1176.612619707896
2023-11-25,534.5961297560516,-220.611961279829,1279.353693254424
2023-11-25,534.5961297560516,-183.00602838518088,1214.584345181111
2023-11-26,453.23338555731567,-328.47904515515023,1156.3165376769343
2023-11-26,453.23338555731567,-270.9802529818603,1212.0880595399703
2023-11-27,492.7512677933069,-235.26621945054978,1170.5280617532696
2023-11-27,492.7512677933069,-218.59716989900596,1194.5457635154798
2023-11-27,492.7512677933069,-255.19879296838852,1214.4302166231905
2023-11-28,444.41388257583316,-233.946917235587,1181.4929664084425
2023-11-28,444.41388257583316,-283.82028694885685,1192.9864135870046
2023-11-29,440.37623376697854,-246.09301605110628,1189.644996476979
2023-11-29,440.37623376697854,-278.59151579660164,1179.7979918726155
2023-11-29,440.37623376697854,-326.91762485049867,1163.8397419717232
2023-11-30,460.5435832322864,-230.92962748708322,1218.9077182017104
2023-11-30,460.5435832322864,-245.36239212889663,1201.5691706065638
2023-11-30,460.5435832322864,-284.03370173839016,1225.2626142764589
2023-12-01,473.5777641543406,-290.2365788196467,1198.9522272980835
2023-12-01,473.5777641543406,-253.7459657889071,1183.1796682600807
2023-12-02,534.7843876514369,-250.13388993333467,1219.8345437244398
2023-12-02,534.7843876514369,-220.4691658269499,1296.9681224703982
2023-12-02,534.7843876514369,-202.16734330694308,1263.7896307870826
2023-12-03,453.4216434525342,-285.62352158506667,1190.0320240368578
2023-12-04,492.93952568865575,-198.64453456051362,1211.1549121934388
2023-12-04,492.93952568865575,-247.6956692481911,1224.9588250975505
2023-12-04,492.93952568865575,-236.91472979430446,1139.9414017524125
2023-12-04,492.93952568865575,-236.63981805487612,1197.4123385631055
2023-12-05,444.6021404713046,-305.5131976452041,1122.6177643600522
2023-12-05,444.6021404713046,-272.72778193030865,1211.303771829029
2023-12-05,444.6021404713046,-258.1181626215812,1177.1061924992298
2023-12-05,444.6021404713046,-269.02522291600536,1202.4542362800019
2023-12-05,444.6021404713046,-267.34507397185814,1215.1974109454402
2023-12-06,440.5644916622339,-292.00926925267527,1149.3587062928502
2023-12-06,440.5644916622339,-279.1146578408458,1196.5554703662724
2023-12-06,440.5644916622339,-294.40453797094773,1167.3539330355773
2023-12-06,440.5644916622339,-265.33163974999246,1181.8680985736928
2023-12-06,440.5644916622339,-331.29169990519443,1199.1879602462902
2023-12-07,460.73184112781604,-253.2362267027346,1203.2086624977542
2023-12-07,460.73184112781604,-293.27675340456415,1186.631619517578
2023-12-08,473.76602204959676,-213.041550907958,1179.5482350713908
2023-12-08,473.76602204959676,-194.2173727078559,1171.4990964957296
2023-12-08,473.76602204959676,-279.523441677056,1246.353791632147
2023-12-08,473.76602204959676,-265.10392690574207,1159.8851815005353
2023-12-09,534.9726455466387,-235.18941309271895,1292.6610508676586
2023-12-09,534.9726455466387,-206.40220971762466,1273.0877043971154
2023-12-09,534.9726455466387,-178.38489993297537,1205.3091048538881
2023-12-09,534.9726455466387,-155.47767640806532,1231.2710839461963
2023-12-09,534.9726455466387,-173.65722718084993,1188.9017901386399
2023-12-09,534.9726455466387,-198.15690531351584,1223.514041709031
2023-12-10,453.60990134778416,-255.700192683134,1232.3010087414013
2023-12-10,453.60990134778416,-251.02833588077564,1152.1844178471688
2023-12-10,453.60990134778416,-245.14104642885164,1189.5429759738784
2023-12-10,453.60990134778416,-296.13152842000704,1217.6548561411864
2023-12-11,493.1277835840046,-315.22075497310726,1219.4789194046384
2023-12-11,493.1277835840046,-204.51437070451533,1185.587344624175
2023-12-12,444.79039836648633,-294.57724282967854,1167.741043385286
2023-12-12,444.79039836648633,-260.320605882865,1207.25656561115
2023-12-13,440.75274955743714,-261.5058123796972,1149.401653456629
2023-12-13,440.75274955743714,-297.14791678022203,1182.3709567666135
2023-12-13,440.75274955743714,-305.27213192687685,1178.6300257263777
2023-12-14,460.920099022952,-234.87650791623273,1265.096202204382
2023-12-14,460.920099022952,-239.74376746805376,1199.8438380358607
2023-12-15,473.95427994499676,-247.64215320967523,1267.6180281383608
2023-12-15,473.95427994499676,-252.13970855278555,1254.4157291194165
2023-12-16,535.160903441903,-180.85317646591704,1211.8970374020726
2023-12-16,535.160903441903,-227.5078739379895,1286.3910938983033
2023-12-16,535.160903441903,-169.39802805830126,1237.3602704345149
2023-12-17,453.79815924313255,-221.25595068282482,1158.3416047465118
2023-12-17,453.79815924313255,-244.92090093917508,1202.293655277452
2023-12-18,493.3160414791155,-211.94551866423447,1252.0427774570637
2023-12-18,493.3160414791155,-190.4816058011959,1209.2999593417567
2023-12-18,493.3160414791155,-241.74404294677862,1244.7811434376918
2023-12-18,493.3160414791155,-209.02155013826913,1219.7189524953715
2023-12-19,444.9786562619578,-280.5447642136162,1186.1440179987192
2023-12-19,444.9786562619578,-294.2495315407618,1206.5610897266347
2023-12-19,444.9786562619578,-313.21996554808965,1207.7716393316502
2023-12-20,440.94100745285107,-251.05112390222388,1155.1087759266206
2023-12-20,440.94100745285107,-334.86721066765074,1101.1433677296836
2023-12-20,440.94100745285107,-268.9343577722569,1146.8781764365144
2023-12-20,440.94100745285107,-240.59488678260004,1131.3958665586329
2023-12-20,440.94100745285107,-349.6826919115834,1124.6794054821626
2023-12-21,461.10835691828476,-257.97933521106137,1194.0204249404333
2023-12-22,474.14253784039676,-304.0168794088764,1237.6127501804483
2023-12-23,535.3491613371048,-150.75062496135513,1205.0459909756134
2023-12-23,535.3491613371048,-180.79165285599123,1225.891373223416
2023-12-23,535.3491613371048,-171.7086124632411,1305.8037779444026
2023-12-23,535.3491613371048,-202.78318315852658,1290.1629700469748
2023-12-23,535.3491613371048,-204.97397692362395,1284.8838680372876
2023-12-23,535.3491613371048,-194.69540489367265,1219.9845396423364
2023-12-24,453.9864171383825,-266.4214577341387,1210.2853294680456
2023-12-24,453.9864171383825,-317.1443925753305,1128.2241751362872
2023-12-25,493.50429937446427,-270.80744641160067,1220.7876483287232
2023-12-26,445.1669141570633,-263.8644707604016,1197.074878763839
2023-12-26,445.1669141570633,-291.2208643020421,1154.742168461702
2023-12-26,445.1669141570633,-319.85339413990994,1206.3431886497933
2023-12-26,445.1669141570633,-307.2403160182528,1131.1261846245152
2023-12-26,445.1669141570633,-258.6544370439434,1173.5580682096538
2023-12-26,445.1669141570633,-257.37159765740097,1152.1163944377743
2023-12-27,441.12926534805433,-233.95346588465932,1130.5007216743045
2023-12-27,441.12926534805433,-299.0747293281047,1185.8583510503595
2023-12-28,461.29661481346704,-314.0294566602851,1232.8270126078814
2023-12-28,461.29661481346704,-241.91899830861482,1131.1045515612986
2023-12-28,461.29661481346704,-233.71347058238726,1194.0239439848358
2023-12-29,474.33079573550896,-258.0151502420516,1229.2695695522882
2023-12-29,474.33079573550896,-283.27397477643785,1179.1034711736643
2023-12-29,474.33079573550896,-249.03902709511905,1198.7945710725253
2023-12-29,474.33079573550896,-265.8548174613295,1184.1957613585582
2023-12-31,454.17467503360103,-304.65880202681683,1166.980385338055
2024-01-01,493.6925572696942,-190.9989006663547,1238.506474055093
2024-01-01,493.6925572696942,-216.31732552483274,1226.7381402675085
